{"cameraMode":{"drawMode":0,"name":"Shaded","section":"Shading Mode"},"sceneLighting":true,"audioPlay":false,"sceneViewState":{"m_AlwaysRefresh":false,"showFog":true,"showSkybox":true,"showFlares":true,"showImageEffects":true,"showParticleSystems":true,"showVisualEffectGraphs":true,"m_FxEnabled":true},"in2DMode":false,"pivot":{"x":0.4365224838256836,"y":-1.9217262268066407,"z":1.133690357208252},"rotation":{"x":0.09120124578475952,"y":-0.39799800515174868,"z":0.035893265157938007,"w":0.9121454954147339},"size":7.2584428787231449,"orthographic":false}