{"cameraMode":{"drawMode":0,"name":"Shaded","section":"Shading Mode"},"sceneLighting":true,"audioPlay":false,"sceneViewState":{"m_AlwaysRefresh":false,"showFog":true,"showSkybox":true,"showFlares":true,"showImageEffects":true,"showParticleSystems":true,"showVisualEffectGraphs":true,"m_FxEnabled":true},"in2DMode":false,"pivot":{"x":1.4713447093963624,"y":-1.4013705253601075,"z":-9.902563095092774},"rotation":{"x":0.0002521091082599014,"y":-0.9984222054481506,"z":-0.004492920823395252,"w":-0.05606290325522423},"size":8.231514930725098,"orthographic":false}