{"cameraMode":{"drawMode":0,"name":"Shaded","section":"Shading Mode"},"sceneLighting":true,"audioPlay":false,"sceneViewState":{"m_AlwaysRefresh":false,"showFog":true,"showSkybox":true,"showFlares":true,"showImageEffects":true,"showParticleSystems":true,"showVisualEffectGraphs":true,"m_FxEnabled":true},"in2DMode":false,"pivot":{"x":-0.1208285391330719,"y":-0.6457515358924866,"z":-0.0041586910374462608},"rotation":{"x":0.1313885748386383,"y":0.058563169091939929,"z":-0.007779554929584265,"w":0.9895828366279602},"size":6.852592945098877,"orthographic":false}