{"cameraMode":{"drawMode":0,"name":"Shaded","section":"Shading Mode"},"sceneLighting":true,"audioPlay":false,"sceneViewState":{"m_AlwaysRefresh":false,"showFog":true,"showSkybox":true,"showFlares":true,"showImageEffects":true,"showParticleSystems":true,"showVisualEffectGraphs":true,"m_FxEnabled":true},"in2DMode":false,"pivot":{"x":8.291500091552735,"y":0.4416295289993286,"z":0.09743690490722656},"rotation":{"x":0.1471051573753357,"y":-0.031749967485666278,"z":0.0011434087064117194,"w":0.9886072874069214},"size":1.3132256269454957,"orthographic":false}